{
    "name": "root",
    "metadata": {
        "timer_format_version": "0.1.0",
        "start_time_seconds": "1641504441",
        "python_version": "3.8.10 (default, Nov 26 2021, 20:14:08) \n[GCC 9.3.0]",
        "command_line_arguments": "/home/mike/.local/bin/mlagents-learn ./Assets/Scripts/Visual.yaml --run-id=prova_wall_10 --force",
        "mlagents_version": "0.27.0",
        "mlagents_envs_version": "0.27.0",
        "communication_protocol_version": "1.5.0",
        "pytorch_version": "1.8.1+cu102",
        "numpy_version": "1.18.5",
        "end_time_seconds": "1641507983"
    },
    "total": 3542.627139093005,
    "count": 1,
    "self": 0.004807607008842751,
    "children": {
        "run_training.setup": {
            "total": 0.05848313600290567,
            "count": 1,
            "self": 0.05848313600290567
        },
        "TrainerController.start_learning": {
            "total": 3542.5638483499933,
            "count": 1,
            "self": 4.008802829077467,
            "children": {
                "TrainerController._reset_env": {
                    "total": 7.027206536993617,
                    "count": 1,
                    "self": 7.027206536993617
                },
                "TrainerController.advance": {
                    "total": 3531.362447769934,
                    "count": 129195,
                    "self": 1.7818480535643175,
                    "children": {
                        "env_step": {
                            "total": 3529.5805997163698,
                            "count": 129195,
                            "self": 3134.221528437425,
                            "children": {
                                "SubprocessEnvManager._take_step": {
                                    "total": 392.5463160040672,
                                    "count": 129195,
                                    "self": 7.792771991691552,
                                    "children": {
                                        "TorchPolicy.evaluate": {
                                            "total": 384.75354401237564,
                                            "count": 128934,
                                            "self": 54.043396495399065,
                                            "children": {
                                                "TorchPolicy.sample_actions": {
                                                    "total": 330.7101475169766,
                                                    "count": 128934,
                                                    "self": 330.7101475169766
                                                }
                                            }
                                        }
                                    }
                                },
                                "workers": {
                                    "total": 2.812755274877418,
                                    "count": 129194,
                                    "self": 0.0,
                                    "children": {
                                        "worker_root": {
                                            "total": 3477.0108718945994,
                                            "count": 129194,
                                            "is_parallel": true,
                                            "self": 675.3042166478699,
                                            "children": {
                                                "run_training.setup": {
                                                    "total": 0.0,
                                                    "count": 0,
                                                    "is_parallel": true,
                                                    "self": 0.0,
                                                    "children": {
                                                        "steps_from_proto": {
                                                            "total": 0.005936149012995884,
                                                            "count": 1,
                                                            "is_parallel": true,
                                                            "self": 0.0002831710153259337,
                                                            "children": {
                                                                "_process_maybe_compressed_observation": {
                                                                    "total": 0.00565297799766995,
                                                                    "count": 2,
                                                                    "is_parallel": true,
                                                                    "self": 5.7071971241384745e-05,
                                                                    "children": {
                                                                        "_observation_to_np_array": {
                                                                            "total": 0.005595906026428565,
                                                                            "count": 1,
                                                                            "is_parallel": true,
                                                                            "self": 2.5762012228369713e-05,
                                                                            "children": {
                                                                                "process_pixels": {
                                                                                    "total": 0.005570144014200196,
                                                                                    "count": 1,
                                                                                    "is_parallel": true,
                                                                                    "self": 0.0008126860193442553,
                                                                                    "children": {
                                                                                        "image_decompress": {
                                                                                            "total": 0.00475745799485594,
                                                                                            "count": 5,
                                                                                            "is_parallel": true,
                                                                                            "self": 0.00475745799485594
                                                                                        }
                                                                                    }
                                                                                }
                                                                            }
                                                                        }
                                                                    }
                                                                }
                                                            }
                                                        },
                                                        "UnityEnvironment.step": {
                                                            "total": 0.02140544800204225,
                                                            "count": 1,
                                                            "is_parallel": true,
                                                            "self": 7.840900798328221e-05,